{
  "experiment_runs_dir": "/Users/mehrots/Documents/Projects/Project_ContexManagement/runs/e1b_rtk_cod",
  "hypothesis_file": "configs/hypotheses/e1b_frozen.yaml",
  "experiment": "e1b_rtk_cod",
  "factor_b": "reasoning",
  "outcome_col": "gt",
  "pre_registered_model": "GT_trajectory ~ rtk + reasoning + rtk:reasoning + task + seed",
  "n_runs": 144,
  "status": "ok",
  "model_fit": {
    "formula": "PT_trajectory ~ rtk + factor_b + rtk:factor_b + task + seed",
    "outcome": "gt",
    "n_obs": 144,
    "n_params": 14,
    "r_squared": 0.355365698726705,
    "coefficients": {
      "const": {
        "estimate": 15.62500000000047,
        "std_error": 217.70358683602927
      },
      "rtk_on": {
        "estimate": -123.58333333333339,
        "std_error": 164.56844294139674
      },
      "factor_b_on": {
        "estimate": -124.05555555555561,
        "std_error": 164.5684429413967
      },
      "interaction_on": {
        "estimate": -5.055555555555227,
        "std_error": 232.7349239463461
      },
      "task_repo_task_002": {
        "estimate": 205.12499999999903,
        "std_error": 201.55435648537497
      },
      "task_repo_task_003": {
        "estimate": 135.33333333333334,
        "std_error": 201.55435648537497
      },
      "task_repo_task_004": {
        "estimate": 72.58333333333331,
        "std_error": 201.55435648537497
      },
      "task_repo_task_005": {
        "estimate": -103.91666666666626,
        "std_error": 201.55435648537497
      },
      "task_repo_task_006": {
        "estimate": 413.6249999999998,
        "std_error": 201.55435648537497
      },
      "seed_13": {
        "estimate": 4.6654648850904694e-14,
        "std_error": 201.55435648537502
      },
      "seed_17": {
        "estimate": 951.3333333333326,
        "std_error": 201.55435648537494
      },
      "seed_42": {
        "estimate": -1.3808646244672134e-13,
        "std_error": 201.55435648537497
      },
      "seed_52": {
        "estimate": 982.6666666666656,
        "std_error": 201.55435648537497
      },
      "seed_99": {
        "estimate": 2.2073761911212925e-13,
        "std_error": 201.55435648537497
      }
    }
  },
  "estimands": {
    "raw_interaction": {
      "formula": "Y11 - Y10 - Y01 + Y00",
      "cell_means": {
        "Y00": 458.4166666666667,
        "Y01": 334.3611111111111,
        "Y10": 334.8333333333333,
        "Y11": 205.72222222222223
      },
      "value": -5.055555555555486
    },
    "log_multiplicative_interaction": {
      "formula": "log Y11 - log Y10 - log Y01 + log Y00",
      "cell_means": {
        "Y00": 458.4166666666667,
        "Y01": 334.3611111111111,
        "Y10": 334.8333333333333,
        "Y11": 205.72222222222223
      },
      "value": -0.17154912940559797
    },
    "success_adjusted_cost": {
      "formula": "sum_i C_i / sum_i 1[success_i]",
      "by_cell": {
        "Y00": 515.71875,
        "Y01": 481.48,
        "Y10": 376.6875,
        "Y11": 296.24
      },
      "overall": 421.05263157894734,
      "interaction_on_sac": -46.20875000000001
    }
  },
  "raw_interaction_bootstrap": {
    "point_estimate": -5.055555555555486,
    "ci_low": -406.6284722222222,
    "ci_high": 374.4451388888889,
    "n_bootstrap": 1000,
    "n_blocks": 36,
    "n_obs": 144,
    "estimand": "raw_interaction",
    "pre_registered": true
  },
  "confirmatory_interaction_coefficient": {
    "estimate": -5.055555555555227,
    "std_error": 232.7349239463461
  },
  "hypothesis_direction": {
    "primary": "RTK and CoD savings approximately multiplicative (disjoint populations)",
    "secondary_failure": "CoD reduces planning quality or increases retries (behavioral antagonism)"
  }
}