rtk_on,0,1
0,458.4166666666667,334.3611111111111
1,334.8333333333333,205.72222222222223
