rtk_on,0,1
0,61381.666666666664,36437.583333333336
1,56389.25,34342.666666666664
